symbol,sector,vqm_score,weight,value_score,quality_score,momentum_score,rebalance_date
ADVANC,Agri & Food,0.0,0.04,0.0,0.0,0.0,2019-01-01
MFC,Services,0.0,0.04,0.0,0.0,0.0,2019-01-01
MG,Technology,0.0,0.04,0.0,0.0,0.0,2019-01-01
BEM,Petrochem & Chem,0.0,0.04,0.0,0.0,0.0,2019-01-01
MO,Tourism,0.0,0.04,0.0,0.0,0.0,2019-01-01
MPT,Agri & Food,0.0,0.04,0.0,0.0,0.0,2019-01-01
OR,Consumer,0.0,0.04,0.0,0.0,0.0,2019-01-01
OSP,Financials,0.0,0.04,0.0,0.0,0.0,2019-01-01
BBL,Industrials,0.0,0.04,0.0,0.0,0.0,2019-01-01
PTT,Industrials,0.0,0.04,0.0,0.0,0.0,2019-01-01
PTTEP,Petrochem & Chem,0.0,0.04,0.0,0.0,0.0,2019-01-01
QPAC,Property,0.0,0.04,0.0,0.0,0.0,2019-01-01
RATCH,Health Care,0.0,0.04,0.0,0.0,0.0,2019-01-01
SAWAD,Resources,0.0,0.04,0.0,0.0,0.0,2019-01-01
BDMS,Financials,0.0,0.04,0.0,0.0,0.0,2019-01-01
SCC,Services,0.0,0.04,0.0,0.0,0.0,2019-01-01
SCGP,Technology,0.0,0.04,0.0,0.0,0.0,2019-01-01
SIRI,Tourism,0.0,0.04,0.0,0.0,0.0,2019-01-01
SPALI,Agri & Food,0.0,0.04,0.0,0.0,0.0,2019-01-01
AOT,Consumer,0.0,0.04,0.0,0.0,0.0,2019-01-01
SPRC,Consumer,0.0,0.04,0.0,0.0,0.0,2019-01-01
STA,Financials,0.0,0.04,0.0,0.0,0.0,2019-01-01
TISCO,Property,0.0,0.04,0.0,0.0,0.0,2019-01-01
STGT,Industrials,0.0,0.04,0.0,0.0,0.0,2019-01-01
MFEC,Resources,0.0,0.04,0.0,0.0,0.0,2019-01-01
EA,Financials,0.2020063480361201,0.04,0.0,0.0,1.0100317401806005,2019-03-29
SIRI,Tourism,0.14852644269858803,0.04,0.0,0.0,0.7426322134929401,2019-03-29
OSP,Financials,0.12256882444414419,0.04,0.0,0.0,0.6128441222207209,2019-03-29
LH,Petrochem & Chem,0.092727392292156,0.04,0.0,0.0,0.46363696146078,2019-03-29
PTTEP,Petrochem & Chem,0.08995281774746511,0.04,0.0,0.0,0.4497640887373255,2019-03-29
DELTA,Consumer,0.07180456694672359,0.04,0.0,0.0,0.3590228347336179,2019-03-29
STA,Financials,0.06409298006334484,0.04,0.0,0.0,0.3204649003167242,2019-03-29
MFC,Services,0.05976039717400891,0.04,0.0,0.0,0.29880198587004453,2019-03-29
QPAC,Property,0.05453504127642194,0.04,0.0,0.0,0.2726752063821097,2019-03-29
SPALI,Agri & Food,0.04900877919546984,0.04,0.0,0.0,0.24504389597734919,2019-03-29
PTT,Industrials,0.046283611248001275,0.04,0.0,0.0,0.23141805624000636,2019-03-29
CPN,Agri & Food,0.044597895585535535,0.04,0.0,0.0,0.22298947792767765,2019-03-29
EP,Petrochem & Chem,0.036063135746094786,0.04,0.0,0.0,0.18031567873047394,2019-03-29
SCC,Services,0.033246742146304395,0.04,0.0,0.0,0.16623371073152196,2019-03-29
INTUCH,Technology,0.03254730382620987,0.04,0.0,0.0,0.16273651913104933,2019-03-29
SAWAD,Resources,0.025684245897914983,0.04,0.0,0.0,0.1284212294895749,2019-03-29
SPRC,Consumer,0.02356726041758027,0.04,0.0,0.0,0.11783630208790134,2019-03-29
ERT,Property,0.02315150566608896,0.04,0.0,0.0,0.1157575283304448,2019-03-29
KTB,Industrials,0.0215213099831712,0.04,0.0,0.0,0.107606549915856,2019-03-29
OR,Consumer,0.01733814713001103,0.04,0.0,0.0,0.08669073565005515,2019-03-29
CPF,Tourism,0.01699830106403036,0.04,0.0,0.0,0.0849915053201518,2019-03-29
KBANK,Consumer,0.013609418412808683,0.04,0.0,0.0,0.06804709206404341,2019-03-29
MAJOR,Health Care,0.011751614981012085,0.04,0.0,0.0,0.058758074905060416,2019-03-29
BH,Health Care,0.010842538047382057,0.04,0.0,0.0,0.054212690236910284,2019-03-29
STGT,Industrials,0.005079194293344018,0.04,0.0,0.0,0.025395971466720086,2019-03-29
OSP,Financials,0.7934094841715058,0.04,1.0873779979826939,0.6495655114060614,0.38370728043586033,2019-06-26
LH,Petrochem & Chem,0.6206592803860336,0.04,1.18501020380642,0.4459501576856553,-0.3433893325841743,2019-06-26
GFPT,Health Care,0.5417677898213092,0.04,0.8609469869060313,0.34878583143996933,0.16133302354802928,2019-06-26
EP,Petrochem & Chem,0.5357784106926231,0.04,0.6403067871966799,0.47824216327260244,0.4012779965435316,2019-06-26
BJC,Resources,0.5343666321554446,0.04,0.5080870157268396,0.5422426894978702,0.5797126687705608,2019-06-26
KBANK,Consumer,0.4951761381625538,0.04,0.2547503369917903,0.41155906582177104,1.1824640673931415,2019-06-26
BBL,Industrials,0.3869838079893554,0.04,1.2438254904379982,-0.7147719092308866,0.38716252761533226,2019-06-26
BTS,Services,0.3828099471613759,0.04,1.2549010897903767,-0.5537660216543294,0.0596128216736082,2019-06-26
SAWAD,Resources,0.28249800260815167,0.04,1.409600137892959,-1.3391859774300017,0.5844651632841033,2019-06-26
MFEC,Resources,0.25996005646267434,0.04,0.17722722213877024,0.5617641924926018,-0.0820483043609143,2019-06-26
M,Property,0.220261074694421,0.04,0.27867835219820475,0.005851389464441772,0.46403914946337105,2019-06-26
MG,Technology,0.21586935312560757,0.04,0.4476590842311863,0.14962658394080652,-0.18973269578854277,2019-06-26
BEM,Petrochem & Chem,0.1917326407105297,0.04,-0.07062561720741768,0.6053256458373466,0.05825096205398165,2019-06-26
BGRIM,Property,0.18591016612025993,0.04,1.2109111481370407,-0.6218155514250865,-0.706822037713141,2019-06-26
AOT,Consumer,0.18559499195216034,0.04,0.26199029162621945,0.4012596034597048,-0.3637075024526754,2019-06-26
STGT,Industrials,0.18414222825861493,0.04,0.2334771812826197,0.0062499273757331,0.3844501104996474,2019-06-26
EGCO,Industrials,0.1632852594198243,0.04,0.915731116350632,-0.2567444011452462,-0.7946660126856194,2019-06-26
TISCO,Property,0.12264306935602465,0.04,-0.610199208890368,-0.36970115810680876,2.6331405934703667,2019-06-26
INTUCH,Technology,0.08696806404858992,0.04,0.25794331739577697,-0.010749224739969088,-0.12672100060260272,2019-06-26
SCC,Services,0.07960397032139242,0.04,-0.07028413937481576,0.2433155138007972,0.1303570160489025,2019-06-26
BDMS,Financials,0.0724999787084844,0.04,0.334686578951471,-0.0337774085544917,-0.3314344441280274,2019-06-26
MO,Tourism,0.06590414136116995,0.04,0.3580226833897707,-0.2790362120376493,0.012283040244751816,2019-06-26
GULF,Resources,0.025816987029619737,0.04,0.6978251678142697,-0.9468048453820349,0.2158867869845528,2019-06-26
SIRI,Tourism,0.020949026036911927,0.04,0.002965094042021148,0.23400225536509847,-0.3114302782989102,2019-06-26
SPALI,Agri & Food,0.017094650237119424,0.04,-0.3352861175722139,0.20076346608420267,0.4885309500757237,2019-06-26
TISCO,Petrochem & Chem,0.7211591403345354,0.04,-0.6705557706383569,0.20156080335389004,4.761814779739672,2019-09-23
EP,Petrochem & Chem,0.5183392768016878,0.04,0.5371361257920706,0.22790033469990717,0.9843145152514428,2019-09-23
ADVANC,Agri & Food,0.4899667956741718,0.04,1.2067017581419244,-0.4075196839446332,0.44791446945463714,2019-09-23
CPN,Agri & Food,0.3996320437502967,0.04,0.8617205518355444,0.19356672149168164,-0.27945278548893415,2019-09-23
MO,Tourism,0.36292062901591493,0.04,0.4467651902172992,0.43503461949501304,0.048070882974378525,2019-09-23
MAJOR,Health Care,0.32247032354063526,0.04,-0.09269779310332704,0.7064143925045058,0.5846964653027772,2019-09-23
INTUCH,Technology,0.31363322955777795,0.04,0.1553992460111017,0.39287907299135894,0.5309794665290327,2019-09-23
MFEC,Resources,0.3107208309166348,0.04,0.6692206469389401,0.24722766056002377,-0.3847907070094831,2019-09-23
LH,Petrochem & Chem,0.2425567915864918,0.04,0.3470933842409035,-0.025081232277436208,0.4757159998759395,2019-09-23
MFC,Services,0.23789218218832778,0.04,1.1825120452547986,-1.2038125252440754,0.6354807282954736,2019-09-23
STGT,Industrials,0.21725526575699786,0.04,0.4610652556241015,-0.1311455894119076,0.2783842851015991,2019-09-23
SCC,Services,0.1410965876512682,0.04,-0.28311306162430605,0.6377793613853276,0.22637344448670635,2019-09-23
STA,Financials,0.08079010821651593,0.04,0.2601260045286956,-0.4173004654008555,0.5489428453445117,2019-09-23
SCGP,Technology,0.03017033835467811,0.04,0.26050331474378324,0.24533882529215967,-0.8646237106614011,2019-09-23
PTTEP,Petrochem & Chem,0.02358805713184181,0.04,0.5153837412541097,-0.2908727537884451,-0.5326458130327588,2019-09-23
GFPT,Health Care,0.021521636058325695,0.04,-0.04954194699338435,0.2268691329475198,-0.1779434216314164,2019-09-23
BH,Health Care,0.017254728988146072,0.04,0.31214022167021077,-0.3997803619244083,0.08357377955047059,2019-09-23
TISCO,Petrochem & Chem,0.016568692394756945,0.04,-0.6745562593063744,0.20156080335389004,1.2478636395438194,2019-09-23
IRPC,Tourism,0.010060113631050832,0.04,-0.47760635654768496,0.3805106879751906,0.4590211664309618,2019-09-23
MG,Technology,-0.014674159637797536,0.04,0.22521547254119448,-0.19678552301988322,-0.23573094612187964,2019-09-23
SIRI,Tourism,-0.016060894504831558,0.04,-0.17385971147495383,0.6264646460048992,-0.785433252214085,2019-09-23
MPT,Agri & Food,-0.017986359485780756,0.04,0.754941116945308,-0.7780309611451045,-0.42699512855191385,2019-09-23
KCE,Financials,-0.018851019073359412,0.04,-0.20606900277863582,-0.14275757146174978,0.6192259109431957,2019-09-23
OR,Consumer,-0.031489050911885696,0.04,0.16148092123345703,-0.08349730710197031,-0.37465703990625876,2019-09-23
KTB,Industrials,-0.03392329237482261,0.04,1.0626949619684694,-1.375204143065749,-0.15407287593810878,2019-09-23
KTB,Industrials,1.2167760595561614,0.04,3.957271238079028,-1.2727928024783264,-0.5925925835599358,2019-12-19
BBL,Industrials,0.8321089511606947,0.04,1.5076892128896346,-0.21528244562088417,1.1449883066383426,2019-12-19
SIRI,Tourism,0.4539302570104637,0.04,0.3659478515253747,0.3580004033781398,0.8197679132084809,2019-12-19
SCGP,Technology,0.40819121802267766,0.04,0.04047216973091333,0.37762400672233654,1.2890516964547445,2019-12-19
BJC,Resources,0.37056315302871995,0.04,0.07928037416507752,0.5896340931608585,0.642575260240673,2019-12-19
SPALI,Agri & Food,0.2113241730961975,0.04,0.4195180745434679,-0.18325094532015748,0.4333943520684602,2019-12-19
ADVANC,Agri & Food,0.1976343665049978,0.04,0.29997734336327586,0.26006712749266414,-0.1418946631545439,2019-12-19
KBANK,Consumer,0.18790310578085512,0.04,0.2791873647950976,0.0029538435698808034,0.3061747318680146,2019-12-19
M,Property,0.17852110326835016,0.04,0.2169410967708672,0.071665328159073,0.27907372432892175,2019-12-19
LH,Petrochem & Chem,0.17663733641123572,0.04,-0.0195330625936542,0.5948137607202583,-0.1137880083685513,2019-12-19
MO,Tourism,0.16749188876029905,0.04,0.0944774816819859,-0.04706869267629475,0.7072553222005428,2019-12-19
OR,Consumer,0.11704459353696911,0.04,0.23033515694792353,0.3948666714307495,-0.624047810451794,2019-12-19
RATCH,Health Care,0.11545647196648093,0.04,-0.15718469728329196,0.45760613613840473,0.13013719047760333,2019-12-19
GULF,Resources,0.10549132464902347,0.04,0.9931937493799137,-1.0613402299544896,0.15011608956066835,2019-12-19
GFPT,Health Care,0.0947897378357648,0.04,-0.005913663689329884,0.07376558134965783,0.35816466511791506,2019-12-19
TISCO,Property,0.09340030969309467,0.04,-0.026403550195455643,0.004910148753357407,0.517816776086873,2019-12-19
INTUCH,Technology,0.09060020508646331,0.04,0.16964489523670168,-0.4727446707401896,0.8986031849450695,2019-12-19
MFEC,Resources,0.09021170055625216,0.04,0.011421232210915275,0.10804305833353078,0.23628537822302262,2019-12-19
CPN,Agri & Food,0.06902901543703921,0.04,0.5649407102662791,-0.24255548208270394,-0.5014994272692003,2019-12-19
PTTEP,Petrochem & Chem,0.05914508895334501,0.04,0.40064188064752415,-0.6673374184223878,0.5621216955489743,2019-12-19
SPRC,Consumer,0.04814304063506342,0.04,0.32763426335069773,0.532848650160659,-1.4289470271449058,2019-12-19
EGCO,Industrials,0.04587480815527248,0.04,0.014960354578190338,-0.12339333030391919,0.4116515710072927,2019-12-19
BTS,Services,0.04161375012531427,0.04,0.870483815955821,-0.8777435973229711,-0.21446853995882664,2019-12-19
SCC,Services,0.026387836529807057,0.04,-0.25569075656202755,-0.14194629267440012,0.9556493970937975,2019-12-19
PTT,Industrials,0.020678525892785404,0.04,0.48724924791580587,-0.3692906317290928,-0.34665957282072374,2019-12-19
GFPT,Health Care,1.1140935204620668,0.04,1.9203696393251202,0.6588310403910719,0.09668159314443758,2020-03-17
BJC,Resources,0.8217087938905174,0.04,1.0814593937852646,0.5930141824936925,0.63748551407178,2020-03-17
CBG,Technology,0.5535662307769043,0.04,0.7996111828055041,0.239493158930557,0.5495929644436625,2020-03-17
AOT,Consumer,0.5520330791975631,0.04,0.46640798755041274,0.7173187351223154,0.4554396375353346,2020-03-17
MFEC,Resources,0.42810238857318744,0.04,0.23735215420976694,0.7067345015772629,0.36968421813375146,2020-03-17
KBANK,Consumer,0.38300583855773646,0.04,0.45637253127275446,0.5128325279495176,-0.009265926486671017,2020-03-17
SPRC,Consumer,0.1820483930201223,0.04,-0.06701327476559968,0.36286504540586917,0.42600800386293974,2020-03-17
ADVANC,Agri & Food,0.16797335292468413,0.04,0.8081000847816628,-0.3662495086070155,-0.33742178607304374,2020-03-17
BGRIM,Property,0.12644911098608635,0.04,0.6493042775308608,-0.5741752130999638,0.1761175534109315,2020-03-17
LH,Petrochem & Chem,0.1251578214744333,0.04,-0.474932414455612,0.9432768162772912,0.04365261141203395,2020-03-17
BDMS,Financials,0.10824929238667325,0.04,0.7183729932242977,-0.5246495857478286,-0.1569559977626036,2020-03-17
EA,Financials,0.1000512178077283,0.04,1.5366584539654327,-0.7650511175375649,-1.6183859766928437,2020-03-17
TISCO,Property,0.06369874317621955,0.04,-0.009449191256528988,0.0881624820714478,0.18547005258325436,2020-03-17
M,Property,0.0409212964799609,0.04,0.4273829626154131,-0.5596275431555675,0.22234301703736817,2020-03-17
SCGP,Technology,0.023980088612731237,0.04,-0.07390198414709116,0.7244031213820584,-0.9815255550239907,2020-03-17
BTS,Services,-0.016827900669681865,0.04,0.6584957910037085,-0.9048690863039612,0.017765867925178574,2020-03-17
STA,Financials,-0.02054206279228235,0.04,1.0287694414542026,-0.851650827307908,-0.9270526094445287,2020-03-17
TISCO,Property,-0.021282759521030245,0.04,0.007782013107468622,0.0881624820714478,-0.27820767072198926,2020-03-17
SAWAD,Resources,-0.027552724873201956,0.04,1.5368167639410495,-1.7283237168305225,-0.571034838779957,2020-03-17
MFC,Services,-0.036890362554386796,0.04,0.7879228902144807,-1.388814647517092,0.4731473174003951,2020-03-17
INTUCH,Technology,-0.04330701820893959,0.04,-0.31042396759358815,-0.2710386415375597,0.9562364587316048,2020-03-17
CPN,Agri & Food,-0.049849525330425457,0.04,0.5448433058676216,-0.8019697288732719,-0.07169803932605018,2020-03-17
MG,Technology,-0.052966875720340575,0.04,-0.009599804518200472,-0.17899418755139557,0.07000500977919037,2020-03-17
DELTA,Consumer,-0.05307536987986046,0.04,-0.36635633873534246,0.5366856494790492,-0.3802749738331177,2020-03-17
MPT,Agri & Food,-0.06226250724563745,0.04,1.0476153538212771,-1.4158929456657514,-0.19063442741099598,2020-03-17
BGRIM,Property,0.7274474486565671,0.04,1.9782360214072536,-0.030829522272967452,-0.7598421409057918,2020-06-12
GFPT,Health Care,0.647710169536357,0.04,0.6842283644356514,0.3255838594419029,1.1292652736782391,2020-06-12
CPN,Agri & Food,0.6247445954164986,0.04,1.0846307136477373,-0.3165411259109192,1.2372508417191928,2020-06-12
KBANK,Consumer,0.48906123122553885,0.04,0.3833397307760821,0.7341873336434875,0.29796392800540633,2020-06-12
QPAC,Property,0.4613013902487987,0.04,0.578432763951003,0.436282752764632,0.24153841501613063,2020-06-12
EA,Financials,0.3358805561975742,0.04,0.46192678963821443,-0.44821587913151384,1.4244452927820375,2020-06-12
BH,Health Care,0.28653354604968584,0.04,0.5881256090993058,-0.1714992176295542,0.409508740626711,2020-06-12
BBL,Industrials,0.2095100011975891,0.04,0.7307515031461189,-0.5722457505153399,0.4047891873110227,2020-06-12
EGCO,Industrials,0.19689647618060788,0.04,1.0065710624663564,-0.4915492953565032,-0.42009124277238197,2020-06-12
SPRC,Consumer,0.17282517732253988,0.04,0.09834194869360054,0.24662764815022276,0.21125811778920842,2020-06-12
SIRI,Tourism,0.16551664312832753,0.04,-0.021557179135058585,0.5949905616380837,-0.16514661417112686,2020-06-12
KTB,Industrials,0.15687249386134144,0.04,1.3375806006782898,-1.1685268150713322,-0.18027195584461367,2020-06-12
LH,Petrochem & Chem,0.13192959586054398,0.04,0.5667775908691446,-0.002344180414746558,-0.6114992844270489,2020-06-12
DELTA,Consumer,0.1186182949372098,0.04,-0.40439665343664044,0.46096231215595335,0.6962998986455716,2020-06-12
SCGP,Technology,0.10060646973648825,0.04,0.03193155425731092,0.5727801104726297,-0.5711788417236101,2020-06-12
STA,Financials,0.08358193496691983,0.04,0.3329104161560682,-0.43115921215087566,0.42338985974747795,2020-06-12
MFEC,Resources,0.0441894220770942,0.04,0.17633106117554048,-0.22847077086453818,0.22402607175344666,2020-06-12
STGT,Industrials,0.037066200899632654,0.04,-0.06782550065379085,0.16603019369648095,0.047385542000351055,2020-06-12
KCE,Financials,0.026633165566674367,0.04,0.34703570102218007,-0.33589579955925297,-0.05984685023784072,2020-06-12
BDMS,Financials,0.025132931923737493,0.04,0.4157266854746974,-0.586676278393399,0.2169631044890664,2020-06-12
CBG,Technology,0.024712006845651113,0.04,0.702339211241163,-0.2217730339492659,-1.068600381653146,2020-06-12
BTS,Services,0.00919203211856133,0.04,1.299790148354763,-1.3299085359541252,-0.5512277352856912,2020-06-12
CPF,Tourism,0.0013579351975861187,0.04,-0.669704161285606,0.3523001254845035,0.8970988192826628,2020-06-12
IRPC,Tourism,-0.00730033752087339,0.04,0.6765033073896997,-0.30773180083007123,-1.0201034777785665,2020-06-12
OR,Consumer,-0.04508102077829329,0.04,0.13215373591836826,0.07705834585877447,-0.6576031149606504,2020-06-12
KCE,Financials,0.6215399894437104,0.04,1.0552938816064095,0.1562823733580455,0.45979456022755083,2020-09-09
BGRIM,Property,0.44086297086441517,0.04,0.6217794715942322,0.28310620518946106,0.30987518415349624,2020-09-09
MO,Tourism,0.37425068166750336,0.04,0.10945611467969985,0.36478350079999045,0.9866060239082088,2020-09-09
EGCO,Industrials,0.37210721944935277,0.04,1.1807961799174116,-0.18726154406460632,-0.4685476054543514,2020-09-09
IRPC,Tourism,0.3299328265945759,0.04,0.39979150029196253,0.10307988451966005,0.5697434594065586,2020-09-09
CBG,Technology,0.2574808811522292,0.04,0.02205233515814431,0.37846156670369674,0.5754789099238523,2020-09-09
OSP,Financials,0.2332228340165737,0.04,0.5320415726778243,0.403672323275203,-0.7374059341738414,2020-09-09
DELTA,Consumer,0.20830476577578927,0.04,0.07855137453885391,0.45393822004895956,0.07039135108084592,2020-09-09
BTS,Services,0.19811185365969372,0.04,0.7242803422280044,-0.6179533971923751,0.442346943372115,2020-09-09
BDMS,Financials,0.18033799399584313,0.04,0.4939343974265535,-0.012155440138256163,-0.1883904039885813,2020-09-09
MG,Technology,0.17584741682575952,0.04,0.1491579279957424,-0.1924767661294231,0.8804660868648675,2020-09-09
JAS,Agri & Food,0.15285456813972148,0.04,0.6461984772384183,-0.09526294498830655,-0.5229635793582973,2020-09-09
TISCO,Property,0.1368140999784871,0.04,0.25506490528151404,-0.43335295376340166,0.8685421320949817,2020-09-09
LH,Petrochem & Chem,0.1068939592748194,0.04,0.0239066793156002,0.329323307787431,-0.0956360207140076,2020-09-09
GFPT,Health Care,0.10048812618916358,0.04,-0.14268963791452838,-0.12152693653326754,1.0361644551867248,2020-09-09
KBANK,Consumer,0.09418610343397202,0.04,-0.07195361434747391,0.29435236076750493,0.1177095181085428,2020-09-09
TISCO,Property,0.08301429440399531,0.04,0.26340200180074647,-0.43335295376340166,0.5807846370542498,2020-09-09
ADVANC,Agri & Food,0.0805149249951069,0.04,0.27058717453924985,0.11886292446138697,-0.41425663554520487,2020-09-09
BH,Health Care,0.07773119550423303,0.04,0.32775433499436324,-0.19077143755005468,-0.014941260503556533,2020-09-09
SCGP,Technology,0.07435172472706394,0.04,-0.6740868715658965,1.0970960591185928,-0.031464018798950256,2020-09-09
SIRI,Tourism,0.06728982356880948,0.04,-0.3424995758330346,0.6629419775134354,-0.05307529718013663,2020-09-09
CPN,Agri & Food,0.05225722714075268,0.04,0.5163009562330172,-0.03309614083960154,-0.8424727693512225,2020-09-09
STA,Financials,0.04503443164995575,0.04,0.4035526303863992,-0.5367098895531542,0.2564210465984003,2020-09-09
RATCH,Health Care,0.034973560631310276,0.04,-0.2591886122944151,0.2708810123847284,0.2840004091457107,2020-09-09
STGT,Industrials,0.019580200850165735,0.04,-0.031067075646728698,-0.43287521374711474,0.9253335485134189,2020-09-09
CPN,Agri & Food,1.0248382030172998,0.04,1.689806915659462,0.5701046608436228,0.3244422983763698,2020-12-07
MFC,Services,0.5365013219354552,0.04,2.016660057339106,-1.2207933551831387,0.28140985223478027,2020-12-07
TISCO,Petrochem & Chem,0.5306869554844731,0.04,-0.5296783272870764,0.2925154334717761,3.3333090052426786,2020-12-07
DELTA,Consumer,0.4774477360625349,0.04,0.3533689535705173,1.0161672929347376,-0.18613422785678027,2020-12-07
GFPT,Health Care,0.46757412203028087,0.04,0.8740836769558138,0.46861538933207847,-0.44889459433031376,2020-12-07
LH,Petrochem & Chem,0.4414082875073582,0.04,0.6462191614186827,0.7197535810689164,-0.5065204425258488,2020-12-07
BEM,Petrochem & Chem,0.4222140066301605,0.04,0.5998547488751447,0.3548022819503315,0.14049285476864706,2020-12-07
TISCO,Petrochem & Chem,0.414606459793535,0.04,-0.5833443344359308,0.2925154334717761,2.8736550428729113,2020-12-07
MFEC,Resources,0.36636800992499136,0.04,0.27489888539275603,0.37488475800315246,0.5572692309857389,2020-12-07
BBL,Industrials,0.3279502388767349,0.04,1.6057018067311242,-0.4535116414302801,-1.1794324982583646,2020-12-07
STA,Financials,0.24032519115434794,0.04,0.8796431562361426,-0.654557068172424,0.3679037235421607,2020-12-07
SPALI,Agri & Food,0.2381595738809879,0.04,-0.05947482983673588,0.5665698491908837,0.33311900045354886,2020-12-07
MO,Tourism,0.2312784482805923,0.04,0.36977576628912795,0.01765778465370048,0.2934956441084477,2020-12-07
HMPRO,Services,0.2266756442446137,0.04,0.806395135292826,-0.2752315118811093,-0.19935568739384887,2020-12-07
MAJOR,Health Care,0.18719603674093027,0.04,0.13724307069951797,-0.04505095339874607,0.7060224430785415,2020-12-07
BJC,Resources,0.17379078596458047,0.04,-0.0031791523150384027,0.3564558595870407,0.25230926825441763,2020-12-07
EA,Financials,0.1684399805120201,0.04,0.5430922232026988,-0.7480477451166789,0.9293259543082163,2020-12-07
INTUCH,Technology,0.1300814643294263,0.04,0.7140216091733049,-0.612743980315392,0.1161606665591313,2020-12-07
M,Property,0.11881402709549999,0.04,0.12701842456972645,0.2545089052952554,-0.1371119040710815,2020-12-07
ADVANC,Agri & Food,0.0668823004973752,0.04,0.6229077384529356,-0.1759235053240709,-0.7592647747151048,2020-12-07
IRPC,Tourism,0.048901612420446404,0.04,-0.017083463722654277,-0.006809130242222627,0.2948618334020937,2020-12-07
STGT,Industrials,0.04353620974771672,0.04,-0.05627671325956915,0.22354866182185684,-0.04690650461563528,2020-12-07
BTS,Services,0.034397451877815996,0.04,1.1669002392888816,-1.2383661695451658,-0.28639748230686385,2020-12-07
KTB,Industrials,0.012735700850983994,0.04,0.8652132696489481,-1.587092021375657,0.8943596849521863,2020-12-07
SCGP,Technology,-0.008048039812022437,0.04,0.04831350394953218,-0.04729615140063065,-0.06617731799545597,2020-12-07
BGRIM,Property,0.5784805535567927,0.04,1.1069851891076656,-0.17497436364764862,0.7078912286751011,2021-03-04
KBANK,Consumer,0.536909615850512,0.04,0.5538383725299314,0.41130406858438934,0.718629621037533,2021-03-04
CPN,Agri & Food,0.48830601634746673,0.04,1.0747348385164515,0.11715218560465658,-0.18163962973283085,2021-03-04
BJC,Resources,0.4712624002472535,0.04,0.6007927494641417,0.5601259969852892,0.024307820217692826,2021-03-04
MO,Tourism,0.4407238416696553,0.04,0.45763391759725297,0.5192622803734762,0.26523390310087364,2021-03-04
GFPT,Health Care,0.41119330702670126,0.04,0.4148590628440404,0.4080482727678391,0.408449166390697,2021-03-04
EA,Financials,0.41088764117794113,0.04,1.4535993522246338,-0.457430350498149,-0.4156572232439599,2021-03-04
MFC,Services,0.38336076037370426,0.04,1.4001362897094334,-0.8188349289097643,0.19945827561438345,2021-03-04
CBG,Technology,0.3659470570898308,0.04,0.47469970222629454,0.08180656353979339,0.6184994692453526,2021-03-04
KCE,Financials,0.2990040676496802,0.04,0.10487943906079238,0.5331581849226046,0.32601477674706014,2021-03-04
BH,Health Care,0.26719437416034414,0.04,0.36967735740672725,-0.3384870192552168,1.0965501003332137,2021-03-04
SCC,Services,0.25037821274022265,0.04,-0.5385596634275635,0.7349285116483975,1.1775254110284354,2021-03-04
LH,Petrochem & Chem,0.24543618924352423,0.04,0.38280708695372895,0.31617080893710275,-0.18743391506819893,2021-03-04
QPAC,Property,0.24413922733596122,0.04,-0.09948786351487421,0.7721209454727982,0.09333217501087628,2021-03-04
HMPRO,Services,0.23596194292571,0.04,0.7672028899100585,-0.46592200234828257,0.2689667164404128,2021-03-04
OSP,Financials,0.18975544884673565,0.04,0.7836355869528179,0.049351897309597284,-0.9007686467019572,2021-03-04
SIRI,Tourism,0.17511875877918623,0.04,0.12654644632147877,0.6286271743975351,-0.5092332655230826,2021-03-04
JAS,Agri & Food,0.13563696302877243,0.04,0.14367506759664456,0.16382416884534973,0.06822361757204991,2021-03-04
MFEC,Resources,0.1356361734870245,0.04,0.28059213814225975,0.2689583916670042,-0.42382862880221905,2021-03-04
PTTEP,Petrochem & Chem,0.12990977187577668,0.04,0.05544781600261217,0.0841997845888573,0.3774416503425057,2021-03-04
BDMS,Financials,0.12158730131541266,0.04,0.18295729267550806,-0.30988603855461017,0.7385831655277378,2021-03-04
SCGP,Technology,0.08564803679977336,0.04,-0.41240010165529317,0.3350156250168417,0.7698630689438034,2021-03-04
BBL,Industrials,0.03915761366688611,0.04,0.8313045249223402,-0.9476777828266999,-0.016210992794109962,2021-03-04
MAJOR,Health Care,0.025948184955256692,0.04,-0.22454386469720408,-0.03716753608457904,0.700007808493006,2021-03-04
SPALI,Agri & Food,0.019783482564544735,0.04,-0.31514938635157974,0.38074457864828637,0.14170051947927698,2021-03-04
BGRIM,Property,0.7256866599130484,0.04,1.4228751294070032,-0.13412596631504273,0.6616846994508092,2021-06-01
LH,Petrochem & Chem,0.5577613397146317,0.04,0.18739338152034044,0.8970815646758162,0.7972788519697142,2021-06-01
BDMS,Financials,0.49536810133391057,0.04,0.7098532856823601,-0.2843487984001649,1.3772810110845313,2021-06-01
MAJOR,Health Care,0.4759651636670075,0.04,0.40109947354652,0.7997403965553038,0.07780630888358579,2021-06-01
INTUCH,Technology,0.43655712103508776,0.04,0.6961066185245506,0.04920359077321186,0.5304394296420792,2021-06-01
MFEC,Resources,0.386636051736311,0.04,0.2972210438772913,0.6008647763989567,0.21291955125947518,2021-06-01
IRPC,Tourism,0.3771149800763145,0.04,0.8671580353834063,0.06687793213051339,-0.18256706045948992,2021-06-01
EGCO,Industrials,0.24934814261330876,0.04,0.6194318808331505,-0.1789719358661829,0.16621986895777516,2021-06-01
CBG,Technology,0.23444265767602807,0.04,0.2660783178586263,-0.09115193019268215,0.733052951035425,2021-06-01
KBANK,Consumer,0.22192638020853417,0.04,0.3548671087388713,0.910810130634728,-1.2827368222305635,2021-06-01
MG,Technology,0.19452353702135103,0.04,-0.031162370217315466,0.06468627655233061,0.9295320341291363,2021-06-01
BBL,Industrials,0.17673423444023076,0.04,1.198696309151588,-0.8935631677783767,-0.24965997977776025,2021-06-01
OR,Consumer,0.17363812036866785,0.04,0.11513626438999358,0.23355396931489825,0.2004145606647818,2021-06-01
BJC,Resources,0.1730832244042314,0.04,0.0251178890552513,0.3551728462466537,0.18734839071519768,2021-06-01
M,Property,0.1559285503139021,0.04,0.6805588686844128,-0.038761204551443815,-0.6837825950053921,2021-06-01
GFPT,Health Care,0.12773550633831943,0.04,0.034872492436858527,0.2707004709330787,0.0864885995757777,2021-06-01
JAS,Agri & Food,0.09605293901773422,0.04,-0.14122373128707688,0.06472609218876917,0.684747429154248,2021-06-01
BH,Health Care,0.04414390235633445,0.04,-0.20154779077638446,-0.04670843239827016,0.75594179772551,2021-06-01
HMPRO,Services,0.03924146687108363,0.04,-0.013316813542410863,-0.10060777378837821,0.4022337689555044,2021-06-01
ADVANC,Agri & Food,0.0333232147658703,0.04,0.12998610414898,-0.40270320281844363,0.5788779444264228,2021-06-01
CPN,Agri & Food,-0.012914701937863454,0.04,0.12250133004574495,-0.7871541848672889,1.037318321225512,2021-06-01
SPRC,Consumer,-0.036376189767918274,0.04,-0.04218348567832743,0.11134578336516615,-0.28182322695239537,2021-06-01
EA,Financials,-0.03861574863324868,0.04,0.03754248168325092,-0.5597660427449666,0.7020412478501333,2021-06-01
STGT,Industrials,-0.045171168209621915,0.04,0.005425205843044872,-0.19318885795963703,0.1000179472344042,2021-06-01
KCE,Financials,-0.0753807809306437,0.04,-0.007705997908713069,-0.14836973377501803,-0.09991837525233256,2021-06-01
TISCO,Property,1.0828634477246106,0.04,0.569568417677663,0.29398648567134833,3.6183119489234516,2021-08-27
BTS,Services,0.8906927750979711,0.04,2.6212761743223982,-0.7465016946583815,-0.13802955108337414,2021-08-27
KBANK,Consumer,0.8809380031282582,0.04,1.7535572864717095,0.4086388039242619,-0.2559317857875137,2021-08-27
CPN,Agri & Food,0.5856094250043153,0.04,0.9551846965917267,0.036175634515794475,0.7155741972875512,2021-08-27
BJC,Resources,0.5757873159984481,0.04,0.8339653577278644,0.5150485318906839,0.1011795942958485,2021-08-27
QPAC,Property,0.5552084287069707,0.04,0.27520442614463475,0.5123809244361762,1.2601655669461167,2021-08-27
SPRC,Consumer,0.5060654510444822,0.04,0.23126038451324854,0.5004205478686872,1.134255431297399,2021-08-27
KTB,Industrials,0.4729000441070006,0.04,1.9641015110979247,-1.1344268944080373,-0.06948111422126256,2021-08-27
DELTA,Consumer,0.429403959399081,0.04,0.6361109069465428,0.10319761059307311,0.5351744378278058,2021-08-27
MAJOR,Health Care,0.31531606404722157,0.04,0.26681963484594473,0.196611263062692,0.6321664314730214,2021-08-27
IRPC,Tourism,0.305746735183707,0.04,0.6319116740266011,0.15473464908255105,-0.16385322653578213,2021-08-27
GFPT,Health Care,0.2727504354688277,0.04,0.8497131669527218,0.14154420962621692,-0.7958048151453653,2021-08-27
AOT,Consumer,0.2482951826443412,0.04,0.33245177714206275,0.0646509143115585,0.38032031460683724,2021-08-27
CBG,Technology,0.22605997511635997,0.04,0.16320349478610247,0.29626082525460884,0.2446355681175039,2021-08-27
INTUCH,Technology,0.1918763961253433,0.04,0.7286951303669655,-0.41979342960739374,0.05445643911398288,2021-08-27
EP,Petrochem & Chem,0.139207774637878,0.04,0.41047888323132153,0.5019690727372766,-1.1059844913713175,2021-08-27
ADVANC,Agri & Food,0.1383616698574055,0.04,0.7823650567317724,-0.5473418483716567,-0.11066479370906135,2021-08-27
OR,Consumer,0.1350029364156276,0.04,0.06935930328204393,-0.19474327697362753,0.8597569843973872,2021-08-27
BH,Health Care,0.10542267279741094,0.04,0.6334180523094431,-0.22174744590033654,-0.5100192233836033,2021-08-27
MFEC,Resources,0.0929876947421798,0.04,0.5727610562774432,0.004939209616580065,-0.8324175197423634,2021-08-27
EGCO,Industrials,0.08285661543030204,0.04,0.37510035368516126,-0.15880387193318224,-0.1517859427570338,2021-08-27
RATCH,Health Care,0.0800685368201905,0.04,0.07736204863528817,0.1586342463190488,-0.05133185638678129,2021-08-27
JAS,Agri & Food,0.07298438946072278,0.04,-0.26615127920927356,0.15999875697312438,0.6837645008215117,2021-08-27
KCE,Financials,0.030250495223145768,0.04,0.33688074907078225,-0.10618296712152964,-0.4209090168308544,2021-08-27
STGT,Industrials,-0.002804123280036208,0.04,-0.2122938804222007,-0.01957403414564432,0.4978951743046481,2021-08-27
GFPT,Health Care,1.0091800341354678,0.04,1.4785323498475313,0.9209338489522982,0.10756814785387174,2021-11-24
BGRIM,Property,0.757310966379343,0.04,1.4294308408873695,-0.394756259974888,1.2611588948561874,2021-11-24
LH,Petrochem & Chem,0.7481623856572818,0.04,0.7230017565750766,0.873769570251168,0.5849612280529425,2021-11-24
QPAC,Property,0.563788192229043,0.04,0.6342903110803046,0.5940110992074928,0.35226833760141685,2021-11-24
OR,Consumer,0.4956678628861647,0.04,0.9147070955983908,0.32106803090414304,-0.1416207047478062,2021-11-24
CBG,Technology,0.45979691000696493,0.04,0.6800423282871839,0.5523234269935346,-0.19767668585002482,2021-11-24
EGCO,Industrials,0.3844168209481583,0.04,0.858100708747358,-0.2917380409501077,0.5018990817219244,2021-11-24
BH,Health Care,0.3652498014641632,0.04,0.5744487508900471,0.315578614163593,-0.018523256968077884,2021-11-24
BJC,Resources,0.33696885177088753,0.04,0.45462306991249435,0.4812107929840005,-0.18017653617067533,2021-11-24
INTUCH,Technology,0.3157457439362301,0.04,0.3470060632166796,0.3050962258518508,0.2640466822028824,2021-11-24
SIRI,Tourism,0.2972219663906871,0.04,0.012017780154309182,0.5432217569718877,0.5084317519054363,2021-11-24
AOT,Consumer,0.2604357910521311,0.04,0.120391230406785,0.6253854826864469,-0.06312590785589278,2021-11-24
IRPC,Tourism,0.25852855694307203,0.04,0.5151486269671188,0.27951754847458016,-0.3555973357911726,2021-11-24
SPRC,Consumer,0.25744520991197783,0.04,-0.09008772840278545,0.836614923821726,0.025847321778136045,2021-11-24
JAS,Agri & Food,0.2236914091564532,0.04,0.17720157925872249,-0.17686778694931427,1.0292721196114403,2021-11-24
ADVANC,Agri & Food,0.18367761165232693,0.04,0.3626428195008481,-0.35890573021075206,0.7305267422535424,2021-11-24
MFEC,Resources,0.1754466768743939,0.04,0.7538802886129543,0.16455923884147794,-1.1069759329797642,2021-11-24
PTT,Industrials,0.09740462887468272,0.04,0.23726981317969484,-0.034853573403901994,0.014159818175928748,2021-11-24
BEM,Petrochem & Chem,0.08113391577190127,0.04,-0.1951322259122035,0.10347124860537646,0.6636424021025554,2021-11-24
KTB,Industrials,0.03694885523712213,0.04,0.8058263212423489,-1.355274610034055,0.7433656209499215,2021-11-24
SAWAD,Resources,0.03294569028288591,0.04,0.696363129442195,-1.0865979748614534,0.49945786617703375,2021-11-24
SCGP,Technology,0.018654973379559986,0.04,-0.48415288487575797,0.2070586582046212,0.8202662060101682,2021-11-24
ERT,Property,0.015300811043598844,0.04,0.23336726658004114,-0.30015558102070106,0.07669997219912843,2021-11-24
DELTA,Consumer,-0.012558140609424312,0.04,-0.4192130183944891,0.10345259487988734,0.699396547300676,2021-11-24
KBANK,Consumer,-0.03297696599310322,0.04,-0.1408920382537295,-0.13837658630239896,0.39428128213457336,2021-11-24
KBANK,Consumer,0.6616928005863628,0.04,1.1869375702530223,0.6355624662232341,-0.4743798460281455,2022-02-21
GFPT,Health Care,0.6413073265456968,0.04,0.8954294581567913,0.42519513091871314,0.44772887276795514,2022-02-21
MFEC,Resources,0.39962804035573496,0.04,0.4832487424206254,0.02384882659192275,0.8690950847964029,2022-02-21
KCE,Financials,0.377069876874228,0.04,0.6416781276324256,-0.12556098975027444,0.6613053292611625,2022-02-21
SPALI,Agri & Food,0.3592723049288057,0.04,0.22824878854558417,0.5109744070414051,0.3885965380940055,2022-02-21
BDMS,Financials,0.25004527472726634,0.04,0.4300472404797827,-0.06257707698367324,0.3921299672782488,2022-02-21
TISCO,Property,0.19198087458476776,0.04,0.5396415978763656,0.33415182121437514,-0.8390549094231402,2022-02-21
IRPC,Tourism,0.18811192260836138,0.04,-0.04456008132110023,0.6189777474987732,-0.04239126210857064,2022-02-21
LH,Petrochem & Chem,0.18169246088987,0.04,-0.15552823280178873,0.6347198125102169,0.1476411563604951,2022-02-21
TISCO,Property,0.14210688430378463,0.04,0.4774106225834518,0.33415182121437514,-0.9484051664189997,2022-02-21
BJC,Resources,0.12474477230919827,0.04,-0.3332465851948242,0.6057372298769137,0.31348852594974685,2022-02-21
STA,Financials,0.12144598260468568,0.04,0.048788299653462985,-0.39412184533352024,1.187169468136797,2022-02-21
M,Property,0.11918827542198737,0.04,0.318331998562868,-0.04251047257809967,-0.04591229264484176,2022-02-21
BGRIM,Property,0.09523794494393541,0.04,0.3559391540049336,-0.5173387292998308,0.5806694044832803,2022-02-21
BTS,Services,0.08135876422902602,0.04,0.6048701237526476,-0.987520750615097,0.7739973562780929,2022-02-21
ERT,Property,0.07892636250942073,0.04,0.26098956445448407,-0.0379745912619138,-0.12613917276713638,2022-02-21
STGT,Industrials,0.07873609769018883,0.04,-0.11585104826925316,-0.09024205612379033,0.8122689452733968,2022-02-21
JAS,Agri & Food,0.06983645166012604,0.04,-0.10400910850878675,0.2762043467735467,0.09984514559169368,2022-02-21
PTT,Industrials,0.06352034124510435,0.04,0.3092309079527872,-0.4014414086552026,0.32435462847835517,2022-02-21
CPN,Agri & Food,0.04872138561414546,0.04,0.42736448746507155,-0.3118699116229858,-0.17219082338545855,2022-02-21
SCC,Services,0.044595069762621925,0.04,-0.6055798573597904,0.4298348871512768,0.8333189753579036,2022-02-21
INTUCH,Technology,0.025560615494318845,0.04,-0.057097679292136716,-0.2978108525666504,0.7774418478705399,2022-02-21
MAJOR,Health Care,0.006910208153589115,0.04,-0.07101390935326851,0.25627228890829673,-0.25414416877671947,2022-02-21
BEM,Petrochem & Chem,-0.005472941754466248,0.04,-0.1440093391529516,-0.25972050970711613,0.7511671963092631,2022-02-21
EA,Financials,-0.01673117101516558,0.04,-0.08272935440443957,-0.241632400328691,0.5253418929093703,2022-02-21
SAWAD,Resources,1.2432524122579762,0.04,3.2448138389979406,-1.2816864220513877,1.1583821621344437,2022-05-19
KTB,Industrials,0.9054541235737747,0.04,2.981833944712499,-0.8615185990543205,-0.6741982093891886,2022-05-19
TISCO,Property,0.6089603519401674,0.04,-0.2560833085895293,-0.39135243777992,4.3058559701421375,2022-05-19
CPN,Agri & Food,0.5883395976048931,0.04,0.7309169880558756,0.1758908007971826,0.9893258635036754,2022-05-19
IRPC,Tourism,0.5621963270723902,0.04,1.4569098767213846,0.18969962748136082,-0.7990399353535459,2022-05-19
GFPT,Health Care,0.5411790302789085,0.04,1.0065763926243165,0.27661710930025607,-0.042981673285617895,2022-05-19
EGCO,Industrials,0.4838047006568719,0.04,1.5755675172533457,-0.727746694009175,0.1475533039803877,2022-05-19
KBANK,Consumer,0.477838005445979,0.04,0.5278299810807769,0.22347862285574233,0.8104849798005977,2022-05-19
BTS,Services,0.4721477904976683,0.04,1.428331802893949,-0.5916042544948146,0.1822998413428821,2022-05-19
DELTA,Consumer,0.4490628772726923,0.04,-0.16731865906914511,0.5943374227096262,1.5816908795271922,2022-05-19
MFEC,Resources,0.3692463434018042,0.04,0.2107097826890963,0.4461542669164953,0.5913647388546873,2022-05-19
SIRI,Tourism,0.3450292153124126,0.04,0.4203170438875392,0.3436271398614935,0.17808523305748603,2022-05-19
LH,Petrochem & Chem,0.31907628562176293,0.04,0.27486083958707613,0.1093354944094165,0.7856074238214142,2022-05-19
JAS,Agri & Food,0.3100763498434368,0.04,0.1852606466235598,0.2157703019321247,0.755947265932956,2022-05-19
MG,Technology,0.26373630048350766,0.04,0.4682905589572519,0.2630051787938931,-0.19523131812559147,2022-05-19
SCGP,Technology,0.1623988264897719,0.04,0.25350826657276343,0.5901317306946876,-0.7911299960555613,2022-05-19
MO,Tourism,0.15811018999187004,0.04,0.07807428651017655,-0.014065267696384817,0.6394980237801263,2022-05-19
KCE,Financials,0.14044374166700302,0.04,-0.005295447666978481,0.32300036378371844,0.14888282896420954,2022-05-19
RATCH,Health Care,0.13209642007705483,0.04,-0.0461457363046304,0.37998208094600067,0.09934136541519134,2022-05-19
STA,Financials,0.11973845655603052,0.04,0.6264204192168413,-0.07693017059392794,-0.6761258619183664,2022-05-19
BH,Health Care,0.08622787929722371,0.04,0.4494446416617596,-0.08170098444659817,-0.43713432447129374,2022-05-19
EP,Petrochem & Chem,0.08363006000407502,0.04,-0.06559408882793591,-0.41541901004786164,1.2927202674669886,2022-05-19
INTUCH,Technology,0.06526016923537206,0.04,0.46196270017031393,-0.3012414452083948,-0.18594270009165523,2022-05-19
OSP,Financials,0.04423067711733659,0.04,0.10125097164697398,-0.28318555220952085,0.4889134157476529,2022-05-19
PTTEP,Petrochem & Chem,0.04061445863977095,0.04,-0.022254991426255005,0.003168874951222478,0.24760049274328919,2022-05-19
MFEC,Resources,0.8231978575952623,0.04,1.3172963828749193,0.20548419098483808,0.7924750922842764,2022-08-16
SPRC,Consumer,0.8034556690052395,0.04,0.5802335128665699,0.5432572963606773,1.7610526724452296,2022-08-16
BGRIM,Property,0.6869885558925666,0.04,1.0262075851805788,-0.4021263265969107,1.829696784351124,2022-08-16
KCE,Financials,0.6382061989225126,0.04,1.2092650368589926,0.3343209954859387,-0.1148770804205627,2022-08-16
ADVANC,Agri & Food,0.5430253003790961,0.04,1.2988734814854497,0.08757124411494377,-0.36058850864793257,2022-08-16
QPAC,Property,0.42352992342705165,0.04,0.4276247827744732,0.3632305399976157,0.5198404108968663,2022-08-16
CBG,Technology,0.4115967299137765,0.04,0.7592197848970166,-0.23166765885597773,0.7551575365485559,2022-08-16
SCGP,Technology,0.4071349392019015,0.04,0.2624611189486299,0.8521658949773598,-0.04615313783528959,2022-08-16
BDMS,Financials,0.3521710584491311,0.04,0.7186342162156911,-0.009370437997377893,0.1603265722557616,2022-08-16
OR,Consumer,0.3140058348610301,0.04,0.6450405413833089,0.10639504674021115,-0.06750337560266423,2022-08-16
STA,Financials,0.17780913593271572,0.04,0.7613597838798325,-0.44265647581021395,-0.04936500139817016,2022-08-16
M,Property,0.15697201574397257,0.04,0.3523088910873708,0.21825031384981572,-0.38977297546389894,2022-08-16
SIRI,Tourism,0.14438743784178987,0.04,-0.4892845564386352,0.6837923749954572,0.6261907849538286,2022-08-16
EA,Financials,0.1424386835678858,0.04,-0.11700791914297778,-0.07935636135626306,1.1143348682845893,2022-08-16
PTTEP,Petrochem & Chem,0.09847839048175802,0.04,0.9363072838884648,-0.5288095860244262,-0.6888826607975101,2022-08-16
LH,Petrochem & Chem,0.09513928454935044,0.04,0.08976002338176513,0.6404979166245436,-0.8471349839551703,2022-08-16
DELTA,Consumer,0.04470057339286235,0.04,-0.30151256958583006,-0.06365357058239685,1.0132998970516238,2022-08-16
PTT,Industrials,0.03105155009633807,0.04,-0.0758885615406672,0.06496068152058258,0.212325821287172,2022-08-16
EGCO,Industrials,0.018142046070357992,0.04,0.6299271662504323,-0.6013184199162337,-0.27431865885827383,2022-08-16
GFPT,Health Care,-0.0048780645355388785,0.04,-0.11756437348614283,0.37675720704849025,-0.41919559466873085,2022-08-16
TISCO,Property,-0.006479192789245941,0.04,-0.08434933092633806,-0.4799338919893547,0.9972743416194015,2022-08-16
TISCO,Property,-0.06651546271882885,0.04,-0.07492420232483238,-0.4799338919893547,0.6758864526180992,2022-08-16
IRPC,Tourism,-0.0713703090896278,0.04,-0.25448549880592264,0.11803848615939327,0.009173476086248708,2022-08-16
SAWAD,Resources,-0.0780048705460746,0.04,0.7194450610669558,-1.2646386594601562,0.20434191392424958,2022-08-16
KBANK,Consumer,-0.0847934760860103,0.04,-0.14589432345018805,0.17954192150710852,-0.4099035153045683,2022-08-16
MFEC,Resources,0.855463082382001,0.04,1.3132749148450467,0.20548419098483808,0.962849519285183,2022-11-11
KCE,Financials,0.6938676604623998,0.04,1.2155919423019874,0.3343209954859387,0.1491946900321343,2022-11-11
BGRIM,Property,0.6329663710813779,0.04,0.9687208187811303,-0.4021263265969107,1.6889310846939398,2022-11-11
ADVANC,Agri & Food,0.5400609574070553,0.04,1.260724507072538,0.08757124411494377,-0.2895750310790856,2022-11-11
SPRC,Consumer,0.42199450225596447,0.04,0.5716502104941421,0.5432572963606773,-0.12694073096318273,2022-11-11
OR,Consumer,0.41052322400797375,0.04,0.6455014455030553,0.10639504674021115,0.41404653586262463,2022-11-11
CBG,Technology,0.3597876819054926,0.04,0.7670541980900937,-0.23166765885597773,0.478484866822713,2022-11-11
BDMS,Financials,0.34950914731347704,0.04,0.7379863348971027,-0.009370437997377893,0.10347474954431535,2022-11-11
QPAC,Property,0.3377501284720039,0.04,0.4257362421598445,0.3632305399976157,0.09519065250454206,2022-11-11
SCGP,Technology,0.3371960493392584,0.04,0.25535530769833104,0.8521658949773598,-0.3798595118353327,2022-11-11
M,Property,0.21936847972516813,0.04,0.35212379382293685,0.21825031384981572,-0.07737418671294471,2022-11-11
PTTEP,Petrochem & Chem,0.2020737727980933,0.04,0.9398737230229869,-0.5288095860244262,-0.1789302372685083,2022-11-11
STA,Financials,0.14151728701179864,0.04,0.7769497137204061,-0.44265647581021395,-0.2659015881440462,2022-11-11
PTT,Industrials,0.11869338934335551,0.04,-0.10266002329683993,0.06496068152058258,0.7107708064736479,2022-11-11
LH,Petrochem & Chem,0.08733710075193549,0.04,0.09826484595240002,0.6404979166245436,-0.9052817537261738,2022-11-11
SCC,Services,0.05098138991119879,0.04,-0.350890616892104,0.7195329814225482,-0.21477187992623134,2022-11-11
BTS,Services,0.043284964661388634,0.04,0.9168574075548955,-1.2778025997087517,0.3896502057987432,2022-11-11
KBANK,Consumer,0.029787491028863466,0.04,-0.14775806456916968,0.17954192150710852,0.16719473778750923,2022-11-11
OSP,Financials,-0.0039327289682422086,0.04,0.41190001508442353,-0.5858164555679244,0.07874011846270357,2022-11-11
CPN,Agri & Food,-0.01041831579530364,0.04,-0.008722747883287668,-0.219942443628957,0.3524338801115538,2022-11-11
IRPC,Tourism,-0.013169219607622164,0.04,-0.25280766457097104,0.11803848615939327,0.29640379646763576,2022-11-11
SIRI,Tourism,-0.013737460284272356,0.04,-0.4888561794329496,0.6837923749954572,-0.16539755393927502,2022-11-11
MAJOR,Health Care,-0.01830681787582367,0.04,0.0892928704056154,-0.04924700108334962,-0.20626079589589116,2022-11-11
EGCO,Industrials,-0.024192911197776,0.04,0.6384662692128621,-0.6013184199162337,-0.5052064268644109,2022-11-11
AOT,Consumer,-0.02528292805293343,0.04,-0.08402985782848887,0.11325804440600312,-0.1355490378610726,2022-11-11
BGRIM,Property,0.9177878645924044,0.04,1.404096472267428,-0.1552696575014974,1.7014441609879294,2023-02-08
MFC,Services,0.7888424188490614,0.04,2.3073250804281664,-1.0787241523953697,0.6404979299738285,2023-02-08
BBL,Industrials,0.68444851839699,0.04,1.643977300349473,-0.7889254178684001,1.1039131474683352,2023-02-08
KBANK,Consumer,0.6733627843137662,0.04,0.36682217917460475,0.6363287761568739,1.4278886601514407,2023-02-08
AOT,Consumer,0.5297919676886541,0.04,0.41928434463503467,0.4440681361543085,0.9284508247444029,2023-02-08
LH,Petrochem & Chem,0.5202541641648637,0.04,0.3306890666082354,1.0680324669486199,-0.011836396204295552,2023-02-08
CBG,Technology,0.39495201131196217,0.04,0.9160451215503677,-0.1887452874614829,0.2439627861290785,2023-02-08
MAJOR,Health Care,0.3815859836643567,0.04,-0.06730302039709857,0.6802068145267518,0.8689997887934394,2023-02-08
OSP,Financials,0.3632408331023633,0.04,0.1646096381718987,0.38436964747478575,0.7731855965441693,2023-02-08
M,Property,0.35472025462037293,0.04,0.7037019864825902,0.2824325494058015,-0.3039851579441158,2023-02-08
SCC,Services,0.34346420630407215,0.04,-0.01465805348873693,0.5351123727126003,0.8138549996229684,2023-02-08
PTTEP,Petrochem & Chem,0.33370642902281644,0.04,0.8584731685100453,-0.13101279361857318,-0.03376009520101663,2023-02-08
SCGP,Technology,0.28034679852640104,0.04,0.18612742711363556,0.8062575163934332,-0.4280033720621828,2023-02-08
IRPC,Tourism,0.24601968510574546,0.04,0.6252149701036994,0.04519020252170661,-0.255718111617583,2023-02-08
BTS,Services,0.23999244861464877,0.04,0.978087426402513,-0.8877792556863866,0.5528792311187659,2023-02-08
PTT,Industrials,0.21994455618524306,0.04,0.47602952518026975,-0.09546961848490926,0.19572818161919947,2023-02-08
TISCO,Petrochem & Chem,0.2173340643027202,0.04,-0.9266044291634061,0.5925139983899758,2.1346307899488073,2023-02-08
KCE,Financials,0.17818444172410675,0.04,0.4801767618932262,-0.14235751501618446,0.05965014563909756,2023-02-08
STA,Financials,0.12354766659734485,0.04,0.2734273296783253,-0.3487267421880415,0.612798640039565,2023-02-08
SPRC,Consumer,0.12028359215147466,0.04,0.3231511509795303,0.31922318477618583,-0.684312702304895,2023-02-08
SPALI,Agri & Food,0.10671964229915543,0.04,-0.1569207806527385,-0.1600613518218395,1.166777333652658,2023-02-08
INTUCH,Technology,0.008900000911432282,0.04,-0.6248323333618818,-0.118481089383497,1.6577146610425153,2023-02-08
OR,Consumer,-0.00042284475905551844,0.04,-0.21667037642046463,-0.16172065391485313,0.7684052675017607,2023-02-08
QPAC,Property,-0.0029955735073685097,0.04,-0.46807126121900366,0.47840784305285516,0.20096874486341923,2023-02-08
DELTA,Consumer,-0.005410428362830139,0.04,-0.29799029098245405,0.42522251752284956,-0.10071339276861568,2023-02-08
BJC,Resources,0.991940954992507,0.04,1.4324077373253696,0.7373769180435678,0.44637775940421,2023-05-08
BGRIM,Property,0.8996293274906588,0.04,1.2680351608647864,-0.28114935155643017,2.1370788907312774,2023-05-08
M,Property,0.7474292118450999,0.04,1.6443525960696732,0.2941712809398247,-0.47744702357595803,2023-05-08
OR,Consumer,0.627617887245536,0.04,0.5324238514044248,0.30885718539657403,1.3996356961237197,2023-05-08
GFPT,Health Care,0.6068589851422426,0.04,0.5971665623682934,0.7831481050643674,0.32016097651990955,2023-05-08
DELTA,Consumer,0.4505461840251712,0.04,0.4782691980843992,0.3707106750968105,0.5278815430165394,2023-05-08
KBANK,Consumer,0.44089086747801604,0.04,0.6593263993471782,0.362057391533245,0.0873695036757501,2023-05-08
SCGP,Technology,0.3842327810758893,0.04,0.09873903732281586,0.4227883612166766,0.9591214392739268,2023-05-08
CPN,Agri & Food,0.30971406713235783,0.04,0.06252755541529098,0.36346489261458237,0.7718197739018654,2023-05-08
KCE,Financials,0.3071105511715733,0.04,0.8740598349981501,-0.09087695532085953,-0.2720472010764671,2023-05-08
MAJOR,Health Care,0.27778438191291194,0.04,0.06616427277032787,0.6049321837825411,0.18142097421187509,2023-05-08
LH,Petrochem & Chem,0.27701727132369275,0.04,0.21903420978840224,0.4210948133264405,0.15534346127328788,2023-05-08
INTUCH,Technology,0.2703568462031557,0.04,0.6066191885119546,-0.013522566878132497,0.01055554890061236,2023-05-08
AOT,Consumer,0.2676292628475042,0.04,-0.14020853522333984,-0.0057036085735884395,1.6635968334938152,2023-05-08
KTB,Industrials,0.22224446511602186,0.04,1.100037220705628,-1.5607341108414965,1.367423272965065,2023-05-08
MFC,Services,0.20463000967726747,0.04,1.117110187609088,-1.2016450625216069,0.6125309856787008,2023-05-08
EA,Financials,0.13462625392552185,0.04,0.8403193978807263,-0.32468402680222713,-0.6493903287001274,2023-05-08
ERT,Property,0.1149809706866774,0.04,0.027105639731086408,-0.011800797132386576,0.534568559020119,2023-05-08
BBL,Industrials,0.08381366056691984,0.04,0.5433608832072421,-0.5450834676037386,0.15040238392484703,2023-05-08
SIRI,Tourism,0.06687521587251913,0.04,-0.10901897216653536,0.05819317241791668,0.47783071500594604,2023-05-08
ADVANC,Agri & Food,0.0538587596660888,0.04,-0.15683903891811363,-0.43706301263467207,1.3870419080068757,2023-05-08
BEM,Petrochem & Chem,0.011880523087847511,0.04,-0.7894676445646602,0.44849901495702604,1.0508315395349277,2023-05-08
QPAC,Property,0.01184396704641616,0.04,0.19350944645387866,0.625619038868789,-1.4710097373095268,2023-05-08
PTTEP,Petrochem & Chem,0.009787037511441637,0.04,0.09776714564519356,-0.4796415517557284,0.6683318254280474,2023-05-08
JAS,Agri & Food,0.002041655092244639,0.04,0.30343403777489203,-0.21692899905841528,-0.2928925611800572,2023-05-08
BBL,Industrials,0.9561081390289985,0.04,2.805290499979724,-0.6717516984557517,-0.35579745751182185,2023-08-03
EP,Petrochem & Chem,0.559997127359859,0.04,0.059569089866635644,0.904742636132049,1.0826555713682786,2023-08-03
KCE,Financials,0.5265203317608378,0.04,0.4831811445974657,0.26158633322583136,1.087668000314686,2023-08-03
EGCO,Industrials,0.4564944357407453,0.04,0.999999383679391,0.6269718800329939,-1.0647272246326425,2023-08-03
MFEC,Resources,0.4554511165671081,0.04,0.537880520719736,0.19524538445302625,0.7253449884233386,2023-08-03
KBANK,Consumer,0.43701404137327804,0.04,0.9999817589604046,-0.16421683974045312,0.2224907187512725,2023-08-03
IRPC,Tourism,0.4007263519342563,0.04,0.23791893477526166,0.4990396191251822,0.5949948229578741,2023-08-03
BJC,Resources,0.38936320023587623,0.04,0.3703181444794358,0.5854374355139215,0.08908466395128833,2023-08-03
BDMS,Financials,0.35705984832496485,0.04,0.14253813702962295,0.42643032940869474,0.7183353568429567,2023-08-03
TISCO,Property,0.31376936585791937,0.04,-0.2190837129638134,0.7038257023938501,0.8300902042689392,2023-08-03
SIRI,Tourism,0.30833173317144413,0.04,-0.4296378658779651,0.6408003577905672,1.3869432379491495,2023-08-03
CPN,Agri & Food,0.2737700114245419,0.04,0.7791846030167113,-0.39840881185868604,0.31290012108780957,2023-08-03
LH,Petrochem & Chem,0.27252068882298247,0.04,0.5029834219477264,0.2931729878146792,-0.28216198394316044,2023-08-03
TISCO,Property,0.2462146742625412,0.04,-0.280328422106931,0.7038257023938501,0.6301173418640632,2023-08-03
M,Property,0.2422557258811608,0.04,0.24984108866070076,0.564718495297032,-0.33912118685057857,2023-08-03
PTTEP,Petrochem & Chem,0.18910386429411002,0.04,0.14904501131959808,-0.2057103702036281,0.9701611938578036,2023-08-03
OSP,Financials,0.1622579464101048,0.04,0.23660012045765422,-0.051055157893405284,0.36828598733426127,2023-08-03
SPRC,Consumer,0.16110037700618113,0.04,0.5998303361181574,0.4219119611940865,-1.2824623033245999,2023-08-03
BGRIM,Property,0.16037240925217536,0.04,0.9120630513415834,-0.7534762348859747,0.06830359179276971,2023-08-03
GFPT,Health Care,0.15806670192506816,0.04,0.5338485056714655,-0.0075710570253106416,-0.39757627834116294,2023-08-03
CBG,Technology,0.07944221582688532,0.04,0.3529860137834884,0.08978515813265601,-0.5541314786105702,2023-08-03
BTS,Services,0.06416735761765194,0.04,1.0993326102134708,-0.9777928777801542,-0.44152404877678003,2023-08-03
QPAC,Property,0.01627985924016387,0.04,-0.09179222595218392,0.17103990424367843,-0.011388027833204065,2023-08-03
MO,Tourism,-0.006998124391004876,0.04,0.03753883537549646,0.1666713384783275,-0.4111278438869645,2023-08-03
MG,Technology,-0.025096064302866622,0.04,-0.09961932614315369,-0.2646604400631163,0.5618189324182161,2023-08-03
KBANK,Consumer,0.5810126769732786,0.04,0.7263360103223915,0.6354124551115949,0.15883556519572126,2023-10-31
KCE,Financials,0.407198477960007,0.04,0.7356706419423589,-0.02116467929554805,0.4177716341969367,2023-10-31
SCGP,Technology,0.387992716929049,0.04,0.582627534806529,0.6524190701193459,-0.5126817413783001,2023-10-31
OR,Consumer,0.3538665156642552,0.04,0.18734489154126388,0.5534213961746246,0.37931912904783927,2023-10-31
LH,Petrochem & Chem,0.35320291893071554,0.04,1.1116524942353696,-0.1146529104353112,-0.5345609241142097,2023-10-31
CBG,Technology,0.30389024751775423,0.04,0.34254150431032926,0.5154525158806065,-0.15330904990053107,2023-10-31
STA,Financials,0.2956164225199278,0.04,1.48214487104944,-0.7705835433255968,-0.5082226464418069,2023-10-31
JAS,Agri & Food,0.2834448947794881,0.04,0.024968860965531234,0.4830972457191443,0.5156243567164928,2023-10-31
BBL,Industrials,0.2790148050218453,0.04,1.3909080903360442,-0.7905472306822847,-0.3510115244528747,2023-10-31
SPRC,Consumer,0.24879409173822592,0.04,0.24555273321076293,0.8324495497869039,-0.7653099031601687,2023-10-31
BJC,Resources,0.23080992846573184,0.04,0.9385257550707465,0.17038040076925862,-1.2557990079267232,2023-10-31
PTTEP,Petrochem & Chem,0.22701691009813532,0.04,0.5128620448562786,-0.15129871290397323,0.2459176971460029,2023-10-31
MAJOR,Health Care,0.22697777337071157,0.04,-0.008467117344438668,0.2488991641710271,0.7183663435792473,2023-10-31
TISCO,Petrochem & Chem,0.21607271633786537,0.04,-0.31381120643591415,0.39298715104604565,1.098711281839554,2023-10-31
IRPC,Tourism,0.18010053771209772,0.04,-0.07748036426176419,0.2242269897582073,0.6824362760725952,2023-10-31
BDMS,Financials,0.13246588661225625,0.04,0.4469927582697686,-0.5846564187638386,0.6797444597910193,2023-10-31
EGCO,Industrials,0.10984122737441743,0.04,0.6014827024980531,-0.33733506648136724,-0.2137935774061397,2023-10-31
EA,Financials,0.04841170481119972,0.04,0.48360319233092197,-0.4036875902446581,-0.13959537576042413,2023-10-31
TISCO,Petrochem & Chem,0.030776746710514287,0.04,-0.32936109533616903,0.39298715104604565,0.20721868372837185,2023-10-31
GFPT,Health Care,0.028909012911943265,0.04,0.35314797587486374,-0.3837734890629652,0.02156572470146186,2023-10-31
MFC,Services,0.02139930417633972,0.04,1.1161368593562706,-1.5429985038486553,0.2959359690652363,2023-10-31
MFEC,Resources,0.017513204736106902,0.04,0.47142526706153254,0.5016646995446449,-1.851054051411042,2023-10-31
INTUCH,Technology,-0.0014663305208140187,0.04,-0.2858968270773923,-0.07434884767998745,0.7660466917600405,2023-10-31
SPALI,Agri & Food,-0.028186327850734993,0.04,-0.28248692828637006,0.2541968421510676,0.04981947562628943,2023-10-31
QPAC,Property,-0.0297259614211126,0.04,0.15993451077204096,0.04156554704654029,-0.5812221636741006,2023-10-31
CBG,Technology,0.7158447906866519,0.04,1.1350040931988807,0.5409174607436394,0.07885918743440896,2024-01-26
EGCO,Industrials,0.5182958199432962,0.04,0.9612553076559869,0.08678268532912037,0.27678495816455,2024-01-26
OSP,Financials,0.5180473390733314,0.04,1.1626493685315025,-0.14132164308260747,0.22158849156533986,2024-01-26
BBL,Industrials,0.4420178520869026,0.04,1.13551715700561,-0.7125676930114754,0.9021691199419722,2024-01-26
BTS,Services,0.3896814538146806,0.04,1.3947093596410003,-0.7575489083052778,0.1360217994153884,2024-01-26
KTB,Industrials,0.3866856930789447,0.04,1.3268003671627964,-1.8612298047214026,2.205279797540886,2024-01-26
DELTA,Consumer,0.3843749319695238,0.04,-0.027380402698959305,1.0102466228965024,0.21554897585139834,2024-01-26
STA,Financials,0.2764922360541135,0.04,0.5883522957179779,0.032703735568835074,0.0014369776596560118,2024-01-26
SIRI,Tourism,0.27218750490497723,0.04,0.10972214751020998,0.9951808944070644,-0.6275038725854486,2024-01-26
MAJOR,Health Care,0.2570753814662631,0.04,0.03486993919579054,0.628371291342155,0.10726978429201556,2024-01-26
EP,Petrochem & Chem,0.2525963350900695,0.04,-0.15212670672510664,0.34257161739567465,1.005766435139407,2024-01-26
KBANK,Consumer,0.22128365159386226,0.04,0.5187415031486173,0.03859558118416395,-0.1282923911873647,2024-01-26
LH,Petrochem & Chem,0.2173043827554302,0.04,0.09696040135794284,0.7656922423577678,-0.47160041340431375,2024-01-26
OR,Consumer,0.2089131898562222,0.04,0.3802291729913395,0.40544876260429147,-0.520485024506913,2024-01-26
MFC,Services,0.174287572141744,0.04,1.3990611778689215,-1.573313743671369,0.4768492619285421,2024-01-26
INTUCH,Technology,0.17090340436105186,0.04,0.973774129069078,-0.2565898455206295,-0.8874425389390646,2024-01-26
CPN,Agri & Food,0.12330162964020075,0.04,0.6825698326992939,-0.1475279146600963,-0.6611001247172393,2024-01-26
SCGP,Technology,0.11010660305328909,0.04,-0.09470524915515652,0.34744990146997135,0.1555824982930978,2024-01-26
BDMS,Financials,0.10494106690613088,0.04,0.4338541238352059,-0.44244601049382104,0.3228140742656279,2024-01-26
MPT,Agri & Food,0.09853421179700304,0.04,1.2518123292912828,-1.533259578093717,0.35929757974363313,2024-01-26
M,Property,0.07739671767199484,0.04,0.3725674176330548,-0.21606922036022125,-0.073171965684012,2024-01-26
BJC,Resources,0.06891397801209312,0.04,-0.19538010549235937,0.3344732099588643,0.19884700999026175,2024-01-26
ADVANC,Agri & Food,0.05697671280042388,0.04,0.4471611241511826,0.09868051270004236,-0.8939198625631156,2024-01-26
GFPT,Health Care,0.05535523377459298,0.04,-0.017262780803911915,0.5729426514577491,-0.6870322143692943,2024-01-26
KCE,Financials,0.03472867163437133,0.04,-0.04580724598436685,0.2633682105618954,-0.18418470684663488,2024-01-26
LH,Petrochem & Chem,1.0252999473809181,0.04,1.929107798228642,1.1722834436799516,-1.2654888355497678,2024-04-24
IRPC,Tourism,0.7244912415417472,0.04,1.4399449700566989,0.2914279260022532,-0.12741884542277968,2024-04-24
MFEC,Resources,0.6846676932259498,0.04,0.4794894676209953,0.43634417427820943,1.580884858995643,2024-04-24
CBG,Technology,0.6568650837572808,0.04,0.6939104233936038,0.4499532609069821,0.9356087595635766,2024-04-24
JAS,Agri & Food,0.5747820392045375,0.04,1.1257971239046383,0.0017332667231534926,0.3378334504717329,2024-04-24
GFPT,Health Care,0.43696157915010914,0.04,0.3570719378612864,0.7489619849405877,0.0707125619166226,2024-04-24
MO,Tourism,0.2879333537165827,0.04,0.3389688437541174,0.27506608276417455,0.19562122529884385,2024-04-24
KCE,Financials,0.2730202806947141,0.04,0.5892677456925788,0.04891706173468656,-0.04635588237043329,2024-04-24
CPN,Agri & Food,0.2607430736387417,0.04,1.0907217816039347,-0.5177597215399631,-0.2443291277202091,2024-04-24
SPALI,Agri & Food,0.25833807889118043,0.04,0.2976513937735416,0.3221132179744574,0.058276627010133066,2024-04-24
SCC,Services,0.20509455140905655,0.04,-0.35420982516162824,0.9979576441922192,0.07601898632256265,2024-04-24
SPRC,Consumer,0.20417262902968247,0.04,0.2505516060117215,0.5220746339018476,-0.4565085777061944,2024-04-24
PTT,Industrials,0.1576952224815612,0.04,0.5327481931946135,0.21771226762867363,-0.7912037906302531,2024-04-24
KBANK,Consumer,0.13223729856896435,0.04,-0.14031452046661264,0.5052269227730036,0.09274704904194382,2024-04-24
INTUCH,Technology,0.11572962824859304,0.04,-0.40391498885139654,0.28011218502907365,0.9972605423577284,2024-04-24
MG,Technology,0.09237742181876712,0.04,0.3842991333343807,-0.018259350973233,-0.3708320767053633,2024-04-24
DELTA,Consumer,0.09204669706839864,0.04,0.05126784658354956,0.16404443550735065,0.057803068391143096,2024-04-24
BGRIM,Property,0.0849916841693744,0.04,0.45019065415125825,-0.45987461599412804,0.21681002699626492,2024-04-24
OSP,Financials,0.07690128124702578,0.04,0.3336736709408889,-0.319774137880671,0.193345387909303,2024-04-24
TISCO,Property,0.07364625197422381,0.04,-0.6062547913425049,-0.45040921598627903,2.5205206683677432,2024-04-24
AOT,Consumer,0.05974110866047448,0.04,-0.3114716150787698,0.1702253864554042,0.7016222509326471,2024-04-24
BJC,Resources,0.05452126391417758,0.04,-0.34612711322152856,0.028985736112500646,1.000667286122451,2024-04-24
KTB,Industrials,0.0255179291500347,0.04,0.18839197839557761,-1.1758865454768728,1.7615091489446508,2024-04-24
PTTEP,Petrochem & Chem,0.01672632349934408,0.04,-0.4641145379436727,0.06468913520638092,1.0146833412588172,2024-04-24
OR,Consumer,0.009248744482222074,0.04,0.008613587231652814,0.04651189129961637,-0.05453265863443709,2024-04-24
GFPT,Health Care,0.812137204286541,0.04,0.7713991718342158,1.093107678007904,0.41209944829188777,2024-07-22
SCGP,Technology,0.8035975989580251,0.04,0.3818055892087135,0.689970795790276,1.9514765264375373,2024-07-22
LH,Petrochem & Chem,0.7690709372418143,0.04,0.7770025227688782,0.26081654072197563,1.6406700637156384,2024-07-22
MO,Tourism,0.4766256006424853,0.04,0.3788598041156761,0.7078247774711084,0.2920000833777156,2024-07-22
AOT,Consumer,0.32621601252763155,0.04,0.7630636214294909,0.0018499419416639906,-0.08905048397610875,2024-07-22
M,Property,0.30832784304598765,0.04,0.909260420066746,-0.2761931289033164,-0.02085875433943681,2024-07-22
BJC,Resources,0.27489269329098814,0.04,0.1171048371404043,0.5014333291519615,0.23346925687309852,2024-07-22
ERT,Property,0.26784208198798826,0.04,0.7715288149571288,-0.012251986083504779,-0.375288448067465,2024-07-22
CPN,Agri & Food,0.2605996492543479,0.04,0.2530790922858264,-0.11881959644552577,0.9415045824083,2024-07-22
SIRI,Tourism,0.2373830181777049,0.04,-0.3738067175644251,0.6620014120356231,0.8694777343461405,2024-07-22
MFEC,Resources,0.2073688332174453,0.04,0.4788453346624309,-0.059977297258597725,0.06440243329930302,2024-07-22
IRPC,Tourism,0.19753240443525388,0.04,0.09016802151105646,0.49115072906620705,-0.07472980208946983,2024-07-22
QPAC,Property,0.18560917612754693,0.04,0.03376979268937888,0.1730761073101787,0.5491806592938194,2024-07-22
PTTEP,Petrochem & Chem,0.17289059553604483,0.04,0.27110637041308655,0.23056061904090133,-0.14901743907079798,2024-07-22
MFC,Services,0.16353641178267297,0.04,1.490963623429168,-1.4413204664086812,-0.014675277587071767,2024-07-22
EGCO,Industrials,0.11947845099455319,0.04,1.1000115247076714,-1.0527831333325337,-0.03526319228756092,2024-07-22
BBL,Industrials,0.11762571520031546,0.04,0.780953146558077,-0.6398607601878689,-0.04925967342532567,2024-07-22
OR,Consumer,0.0864066090626118,0.04,0.2672808670772697,0.03554100978521897,-0.23154567273493107,2024-07-22
SPRC,Consumer,0.08511182161040211,0.04,0.0006954253762372353,0.28975382484490353,-0.08307479252310435,2024-07-22
SCC,Services,0.07025112869727837,0.04,-0.09103999825207496,0.811662197743452,-0.8643132064974804,2024-07-22
INTUCH,Technology,0.037752942214237584,0.04,0.3949757948032445,0.1184645490542918,-0.9072437880811229,2024-07-22
BGRIM,Property,0.03666147167845335,0.04,0.1444006736922117,-0.5985761998239156,0.9059141922766426,2024-07-22
TISCO,Petrochem & Chem,0.01418603642669175,0.04,-0.7593182620825489,0.14394590371726745,1.5274909403139756,2024-07-22
OSP,Financials,-0.006629447380952877,0.04,0.3264819969309972,-0.11573445144396242,-0.5651964399725738,2024-07-22
BDMS,Financials,-0.0375671774311539,0.04,-0.4712443758450794,-0.24334579315870317,1.2983190965233897,2024-07-22
